user_id,model,variant,precision_before,recall_before,f1_before,roc_auc_before,pr_auc_before,precision_after,recall_after,f1_after,roc_auc_after,pr_auc_after
user_01,RandomForest,A,0.9393939393939394,1.0,0.96875,0.9999667099437398,0.9989919354838708,0.6097560975609756,0.8064516129032258,0.6944444444444444,0.955474549751989,0.803113579058183
user_01,RandomForest,B,1.0,0.967741935483871,0.9836065573770492,0.9999667099437396,0.9989919354838708,0.6190476190476191,0.8387096774193549,0.7123287671232876,0.9669596191617564,0.7961285268807531
user_01,XGBoost,A,0.9393939393939394,1.0,0.96875,1.0,1.0,0.6153846153846154,0.7741935483870968,0.6857142857142857,0.9538266919671092,0.7949935773300377
user_01,XGBoost,B,1.0,1.0,1.0,1.0,0.9999999999999998,0.5,0.8709677419354839,0.6352941176470588,0.960917473950531,0.7781696352515082
user_02,RandomForest,A,0.9736842105263158,0.8809523809523809,0.925,0.9990182920767472,0.983462857578302,0.925925925925926,0.5952380952380952,0.7246376811594203,0.9621980316134804,0.8007547464432627
user_02,RandomForest,B,0.9736842105263158,0.8809523809523809,0.925,0.992941644298638,0.9551703399807966,0.8125,0.6190476190476191,0.7027027027027027,0.9392210955363356,0.768588119166131
user_02,XGBoost,A,0.926829268292683,0.9047619047619048,0.9156626506024096,0.9989064519335918,0.9813179904492252,0.75,0.5714285714285714,0.6486486486486487,0.9449746495675514,0.7456202882524284
user_02,XGBoost,B,0.8604651162790697,0.8809523809523809,0.8705882352941177,0.9966447957053384,0.9549104520936272,0.7058823529411765,0.5714285714285714,0.631578947368421,0.9230539815090965,0.7014381591926241
user_03,RandomForest,A,1.0,1.0,1.0,1.0,1.0,0.9230769230769232,0.8,0.8571428571428571,0.9498545666084932,0.8711780433368588
user_03,RandomForest,B,1.0,0.8222222222222222,0.902439024390244,0.9967655613728912,0.957630257466099,0.896551724137931,0.5777777777777777,0.7027027027027027,0.9537638161721932,0.7687787086619864
user_03,XGBoost,A,1.0,1.0,1.0,1.0,1.0,0.8372093023255814,0.8,0.8181818181818182,0.9485282140779524,0.8642748575829102
user_03,XGBoost,B,0.8974358974358975,0.7777777777777778,0.8333333333333334,0.9980686445607913,0.9656814934744328,0.896551724137931,0.5777777777777777,0.7027027027027027,0.943083187899942,0.7997543141467023
user_04,RandomForest,A,1.0,1.0,1.0,1.0,1.0,0.8571428571428571,0.631578947368421,0.7272727272727273,0.9467392493708284,0.8118577813725689
user_04,RandomForest,B,1.0,0.9736842105263158,0.9866666666666668,0.999863223547434,0.996940024479804,0.8275862068965517,0.631578947368421,0.7164179104477612,0.9597877229456176,0.7690831413306408
user_04,XGBoost,A,1.0,1.0,1.0,1.0,1.0,0.675,0.7105263157894737,0.6923076923076923,0.9590217748112484,0.7722415108606283
user_04,XGBoost,B,0.9487179487179488,0.9736842105263158,0.961038961038961,0.9999452894189736,0.9986842105263158,0.7058823529411765,0.631578947368421,0.6666666666666666,0.9457818142028668,0.7383388627854194
user_05,RandomForest,A,1.0,0.9736842105263158,0.9866666666666668,1.0,1.0,1.0,0.7631578947368421,0.8656716417910447,0.991000109421162,0.9263991580942044
user_05,RandomForest,B,1.0,0.9736842105263158,0.9866666666666668,0.9999999999999998,0.9999999999999998,1.0,0.7631578947368421,0.8656716417910447,0.9893724696356276,0.926239368673962
user_05,XGBoost,A,1.0,1.0,1.0,1.0,1.0,0.96875,0.8157894736842105,0.8857142857142857,0.9843801291169711,0.9200806046113188
user_05,XGBoost,B,1.0,1.0,1.0,1.0,1.0,0.9393939393939394,0.8157894736842105,0.8732394366197183,0.9830944304628516,0.9108888280709748
user_06,RandomForest,A,1.0,1.0,1.0,1.0,0.9999999999999998,1.0,0.6774193548387096,0.8076923076923077,0.9781950131495722,0.8772871455587649
user_06,RandomForest,B,0.75,0.8709677419354839,0.8059701492537313,0.9967042844302408,0.9385683601856344,1.0,0.5806451612903226,0.7346938775510204,0.9809913778754288,0.8006211847662149
user_06,XGBoost,A,1.0,1.0,1.0,1.0,1.0,0.8333333333333334,0.8064516129032258,0.819672131147541,0.9841539332201472,0.8872224409382397
user_06,XGBoost,B,0.7,0.9032258064516128,0.7887323943661971,0.9981690469056892,0.9551904484284583,0.7777777777777778,0.6774193548387096,0.7241379310344828,0.979193714837378,0.8018400736278151
user_07,RandomForest,A,1.0,1.0,1.0,1.0,1.0,0.8409090909090909,0.8043478260869565,0.8222222222222222,0.9394768024792636,0.8580299615933827
user_07,RandomForest,B,0.9069767441860463,0.8478260869565217,0.8764044943820225,0.9967186218211648,0.9510586727860458,0.7837837837837838,0.6304347826086957,0.6987951807228916,0.8899940752893994,0.7059592044552714
user_07,XGBoost,A,1.0,1.0,1.0,1.0,1.0,0.8536585365853658,0.7608695652173914,0.8045977011494253,0.9296782426396863,0.8332145375105751
user_07,XGBoost,B,0.8695652173913043,0.8695652173913043,0.8695652173913043,0.9970832193965912,0.9570622878368806,0.7567567567567568,0.6086956521739131,0.6746987951807228,0.8906435147206272,0.7023663042145817
user_08,RandomForest,A,1.0,1.0,1.0,1.0,1.0,1.0,0.78125,0.8771929824561403,0.9933496900826446,0.9310965756874464
user_08,RandomForest,B,0.8378378378378378,0.96875,0.8985507246376812,0.9989669421487604,0.9683328918480436,0.8,0.75,0.7741935483870968,0.9864411157024792,0.8677507087752186
user_08,XGBoost,A,1.0,1.0,1.0,1.0,1.0,0.8387096774193549,0.8125,0.8253968253968254,0.972785382231405,0.8790007636856987
user_08,XGBoost,B,0.8421052631578947,1.0,0.9142857142857144,0.999580320247934,0.9882363444233404,0.7575757575757576,0.78125,0.7692307692307693,0.9796939566115704,0.8570718841826833
user_09,RandomForest,A,0.9705882352941176,1.0,0.9850746268656716,0.9997179655918024,0.9908408541608508,0.8235294117647058,0.8484848484848485,0.835820895522388,0.9470715427282128,0.8925401039059578
user_09,RandomForest,B,0.9166666666666666,1.0,0.9565217391304348,0.9995926169659364,0.9878795122206548,0.7777777777777778,0.8484848484848485,0.8115942028985508,0.946852182632948,0.8425742875626823
user_09,XGBoost,A,0.9166666666666666,1.0,0.9565217391304348,0.9997493027482688,0.9920063553263516,0.7837837837837838,0.8787878787878788,0.8285714285714286,0.9522421735451726,0.889603679677407
user_09,XGBoost,B,0.8918918918918919,1.0,0.9428571428571428,0.9993105825577387,0.9721039626511954,0.7631578947368421,0.8787878787878788,0.8169014084507042,0.9423709692582496,0.8798297804609613
user_10,RandomForest,A,0.9565217391304348,0.9565217391304348,0.9565217391304348,0.9993619542430042,0.9835097008725732,0.8378378378378378,0.6739130434782609,0.7469879518072289,0.9779190593382554,0.886040922389785
user_10,RandomForest,B,0.875,0.9130434782608696,0.8936170212765957,0.9980858627290128,0.958654100248766,0.7837837837837838,0.6304347826086957,0.6987951807228916,0.9789900647160698,0.8390461986305696
user_10,XGBoost,A,0.9787234042553192,1.0,0.989247311827957,0.9999544253030718,0.9990648755178376,0.8780487804878049,0.782608695652174,0.8275862068965517,0.9749794913863824,0.8766699921195932
user_10,XGBoost,B,0.8653846153846154,0.9782608695652174,0.9183673469387756,0.99895178197065,0.9749535320974668,0.8461538461538461,0.717391304347826,0.7764705882352941,0.967368516999362,0.8469300961360773
