user_id,model,variant,n_features,test_fraud_count,precision,recall,f1,roc_auc,pr_auc
user_01,RandomForest,A,20,31,0.9393939393939394,1.0,0.96875,0.9999667099437398,0.9989919354838708
user_01,RandomForest,B,19,31,1.0,0.967741935483871,0.9836065573770492,0.9999667099437396,0.9989919354838708
user_01,XGBoost,A,20,31,0.9393939393939394,1.0,0.96875,1.0,1.0
user_01,XGBoost,B,19,31,1.0,1.0,1.0,1.0,0.9999999999999998
user_02,RandomForest,A,20,42,0.9736842105263158,0.8809523809523809,0.925,0.9990182920767472,0.983462857578302
user_02,RandomForest,B,19,42,0.9736842105263158,0.8809523809523809,0.925,0.992941644298638,0.9551703399807966
user_02,XGBoost,A,20,42,0.926829268292683,0.9047619047619048,0.9156626506024096,0.9989064519335918,0.9813179904492252
user_02,XGBoost,B,19,42,0.8604651162790697,0.8809523809523809,0.8705882352941177,0.9966447957053384,0.9549104520936272
user_03,RandomForest,A,20,45,1.0,1.0,1.0,1.0,1.0
user_03,RandomForest,B,19,45,1.0,0.8222222222222222,0.902439024390244,0.9967655613728912,0.957630257466099
user_03,XGBoost,A,20,45,1.0,1.0,1.0,1.0,1.0
user_03,XGBoost,B,19,45,0.8974358974358975,0.7777777777777778,0.8333333333333334,0.9980686445607913,0.9656814934744328
user_04,RandomForest,A,20,38,1.0,1.0,1.0,1.0,1.0
user_04,RandomForest,B,19,38,1.0,0.9736842105263158,0.9866666666666668,0.999863223547434,0.996940024479804
user_04,XGBoost,A,20,38,1.0,1.0,1.0,1.0,1.0
user_04,XGBoost,B,19,38,0.9487179487179488,0.9736842105263158,0.961038961038961,0.9999452894189736,0.9986842105263158
user_05,RandomForest,A,20,38,1.0,0.9736842105263158,0.9866666666666668,1.0,1.0
user_05,RandomForest,B,19,38,1.0,0.9736842105263158,0.9866666666666668,0.9999999999999998,0.9999999999999998
user_05,XGBoost,A,20,38,1.0,1.0,1.0,1.0,1.0
user_05,XGBoost,B,19,38,1.0,1.0,1.0,1.0,1.0
user_06,RandomForest,A,20,31,1.0,1.0,1.0,1.0,0.9999999999999998
user_06,RandomForest,B,19,31,0.75,0.8709677419354839,0.8059701492537313,0.9967042844302408,0.9385683601856344
user_06,XGBoost,A,20,31,1.0,1.0,1.0,1.0,1.0
user_06,XGBoost,B,19,31,0.7,0.9032258064516128,0.7887323943661971,0.9981690469056892,0.9551904484284583
user_07,RandomForest,A,20,46,1.0,1.0,1.0,1.0,1.0
user_07,RandomForest,B,19,46,0.9069767441860463,0.8478260869565217,0.8764044943820225,0.9967186218211648,0.9510586727860458
user_07,XGBoost,A,20,46,1.0,1.0,1.0,1.0,1.0
user_07,XGBoost,B,19,46,0.8695652173913043,0.8695652173913043,0.8695652173913043,0.9970832193965912,0.9570622878368806
user_08,RandomForest,A,20,32,1.0,1.0,1.0,1.0,1.0
user_08,RandomForest,B,19,32,0.8378378378378378,0.96875,0.8985507246376812,0.9989669421487604,0.9683328918480436
user_08,XGBoost,A,20,32,1.0,1.0,1.0,1.0,1.0
user_08,XGBoost,B,19,32,0.8421052631578947,1.0,0.9142857142857144,0.999580320247934,0.9882363444233404
user_09,RandomForest,A,20,33,0.9705882352941176,1.0,0.9850746268656716,0.9997179655918024,0.9908408541608508
user_09,RandomForest,B,19,33,0.9166666666666666,1.0,0.9565217391304348,0.9995926169659364,0.9878795122206548
user_09,XGBoost,A,20,33,0.9166666666666666,1.0,0.9565217391304348,0.9997493027482688,0.9920063553263516
user_09,XGBoost,B,19,33,0.8918918918918919,1.0,0.9428571428571428,0.9993105825577387,0.9721039626511954
user_10,RandomForest,A,20,46,0.9565217391304348,0.9565217391304348,0.9565217391304348,0.9993619542430042,0.9835097008725732
user_10,RandomForest,B,19,46,0.875,0.9130434782608696,0.8936170212765957,0.9980858627290128,0.958654100248766
user_10,XGBoost,A,20,46,0.9787234042553192,1.0,0.989247311827957,0.9999544253030718,0.9990648755178376
user_10,XGBoost,B,19,46,0.8653846153846154,0.9782608695652174,0.9183673469387756,0.99895178197065,0.9749535320974668
