user_id,test_fraud_total,ato_test_count,named_test_count,ato_pct_of_test_fraud,xgb_recall_ato,xgb_recall_named,rf_recall_ato,rf_recall_named,low_confidence_ato
user_01,31,12,19,38.7,0.5833333333333334,0.8947368421052632,0.5,1.0,True
user_02,42,21,21,50.0,0.42857142857142855,0.7142857142857143,0.38095238095238093,0.8095238095238095,False
user_03,45,17,28,37.8,0.47058823529411764,1.0,0.47058823529411764,1.0,False
user_04,38,18,20,47.4,0.3888888888888889,1.0,0.2222222222222222,1.0,False
user_05,38,17,21,44.7,0.5882352941176471,1.0,0.47058823529411764,1.0,False
user_06,31,14,17,45.2,0.5714285714285714,1.0,0.2857142857142857,1.0,True
user_07,46,17,29,37.0,0.35294117647058826,1.0,0.47058823529411764,1.0,False
user_08,32,12,20,37.5,0.5,1.0,0.4166666666666667,1.0,True
user_09,33,15,18,45.5,0.7333333333333333,1.0,0.6666666666666666,1.0,False
user_10,46,19,27,41.3,0.5263157894736842,0.9629629629629629,0.42105263157894735,0.8518518518518519,False
