user_id,top5_shap_features
user_01,"transaction_gap_minutes, hour_of_day, device_usage_frequency, merchant_visit_frequency, transaction_amount"
user_02,"transaction_gap_minutes, hour_of_day, device_usage_frequency, merchant_visit_frequency, transaction_amount"
user_03,"transaction_gap_minutes, hour_of_day, merchant_category_Gaming Subscription, merchant_visit_frequency, daily_transaction_count"
user_04,"transaction_gap_minutes, merchant_visit_frequency, device_usage_frequency, transaction_amount, hour_of_day"
user_05,"transaction_gap_minutes, hour_of_day, transaction_amount, merchant_visit_frequency, city_Unknown Country"
user_06,"transaction_gap_minutes, hour_of_day, merchant_category_ATM Withdrawal, location_visit_frequency, merchant_visit_frequency"
user_07,"transaction_gap_minutes, transaction_amount, merchant_visit_frequency, hour_of_day, merchant_category_Gaming Website"
user_08,"transaction_gap_minutes, hour_of_day, transaction_amount, merchant_visit_frequency, device_usage_frequency"
user_09,"transaction_gap_minutes, location_visit_frequency, device_usage_frequency, merchant_visit_frequency, hour_of_day"
user_10,"transaction_gap_minutes, merchant_visit_frequency, hour_of_day, device_usage_frequency, transaction_amount"
