user_id,variant,model,n_features,test_fraud_count,precision,recall,f1,roc_auc,pr_auc
user_01,A,XGBoost,19,31,0.6153846153846154,0.7741935483870968,0.6857142857142857,0.9538266919671093,0.7949935773300377
user_01,A,RandomForest,19,31,0.6097560975609756,0.8064516129032258,0.6944444444444444,0.955474549751989,0.803113579058183
user_01,B,XGBoost,18,31,0.5,0.8709677419354839,0.6352941176470588,0.960917473950531,0.7781696352515082
user_01,B,RandomForest,18,31,0.6190476190476191,0.8387096774193549,0.7123287671232876,0.9669596191617563,0.7961285268807531
user_02,A,XGBoost,19,42,0.75,0.5714285714285714,0.6486486486486487,0.9449746495675514,0.7456202882524284
user_02,A,RandomForest,19,42,0.9259259259259259,0.5952380952380952,0.7246376811594203,0.9621980316134805,0.8007547464432627
user_02,B,XGBoost,18,42,0.7058823529411765,0.5714285714285714,0.631578947368421,0.9230539815090963,0.7014381591926241
user_02,B,RandomForest,18,42,0.8125,0.6190476190476191,0.7027027027027027,0.9392210955363356,0.768588119166131
user_03,A,XGBoost,19,45,0.8372093023255814,0.8,0.8181818181818182,0.9485282140779523,0.8642748575829102
user_03,A,RandomForest,19,45,0.9230769230769231,0.8,0.8571428571428571,0.9498545666084932,0.8711780433368588
user_03,B,XGBoost,18,45,0.896551724137931,0.5777777777777777,0.7027027027027027,0.9430831878999419,0.7997543141467023
user_03,B,RandomForest,18,45,0.896551724137931,0.5777777777777777,0.7027027027027027,0.9537638161721931,0.7687787086619864
user_04,A,XGBoost,19,38,0.675,0.7105263157894737,0.6923076923076923,0.9590217748112484,0.7722415108606283
user_04,A,RandomForest,19,38,0.8571428571428571,0.631578947368421,0.7272727272727273,0.9467392493708285,0.8118577813725689
user_04,B,XGBoost,18,38,0.7058823529411765,0.631578947368421,0.6666666666666666,0.9457818142028669,0.7383388627854194
user_04,B,RandomForest,18,38,0.8275862068965517,0.631578947368421,0.7164179104477612,0.9597877229456176,0.7690831413306408
user_05,A,XGBoost,19,38,0.96875,0.8157894736842105,0.8857142857142857,0.9843801291169713,0.9200806046113188
user_05,A,RandomForest,19,38,1.0,0.7631578947368421,0.8656716417910447,0.991000109421162,0.9263991580942045
user_05,B,XGBoost,18,38,0.9393939393939394,0.8157894736842105,0.8732394366197183,0.9830944304628515,0.9108888280709749
user_05,B,RandomForest,18,38,1.0,0.7631578947368421,0.8656716417910447,0.9893724696356276,0.9262393686739621
user_06,A,XGBoost,19,31,0.8333333333333334,0.8064516129032258,0.819672131147541,0.9841539332201472,0.8872224409382397
user_06,A,RandomForest,19,31,1.0,0.6774193548387096,0.8076923076923077,0.9781950131495722,0.8772871455587649
user_06,B,XGBoost,18,31,0.7777777777777778,0.6774193548387096,0.7241379310344828,0.979193714837378,0.8018400736278151
user_06,B,RandomForest,18,31,1.0,0.5806451612903226,0.7346938775510204,0.9809913778754287,0.8006211847662149
user_07,A,XGBoost,19,46,0.8536585365853658,0.7608695652173914,0.8045977011494253,0.9296782426396865,0.8332145375105751
user_07,A,RandomForest,19,46,0.8409090909090909,0.8043478260869565,0.8222222222222222,0.9394768024792636,0.8580299615933827
user_07,B,XGBoost,18,46,0.7567567567567568,0.6086956521739131,0.6746987951807228,0.8906435147206272,0.7023663042145817
user_07,B,RandomForest,18,46,0.7837837837837838,0.6304347826086957,0.6987951807228916,0.8899940752893994,0.7059592044552714
user_08,A,XGBoost,19,32,0.8387096774193549,0.8125,0.8253968253968254,0.972785382231405,0.8790007636856987
user_08,A,RandomForest,19,32,1.0,0.78125,0.8771929824561403,0.9933496900826446,0.9310965756874463
user_08,B,XGBoost,18,32,0.7575757575757576,0.78125,0.7692307692307693,0.9796939566115703,0.8570718841826833
user_08,B,RandomForest,18,32,0.8,0.75,0.7741935483870968,0.9864411157024793,0.8677507087752186
user_09,A,XGBoost,19,33,0.7837837837837838,0.8787878787878788,0.8285714285714286,0.9522421735451726,0.889603679677407
user_09,A,RandomForest,19,33,0.8235294117647058,0.8484848484848485,0.835820895522388,0.9470715427282128,0.8925401039059578
user_09,B,XGBoost,18,33,0.7631578947368421,0.8787878787878788,0.8169014084507042,0.9423709692582496,0.8798297804609613
user_09,B,RandomForest,18,33,0.7777777777777778,0.8484848484848485,0.8115942028985508,0.9468521826329479,0.8425742875626823
user_10,A,XGBoost,19,46,0.8780487804878049,0.782608695652174,0.8275862068965517,0.9749794913863823,0.8766699921195932
user_10,A,RandomForest,19,46,0.8378378378378378,0.6739130434782609,0.7469879518072289,0.9779190593382554,0.886040922389785
user_10,B,XGBoost,18,46,0.8461538461538461,0.717391304347826,0.7764705882352941,0.967368516999362,0.8469300961360773
user_10,B,RandomForest,18,46,0.7837837837837838,0.6304347826086957,0.6987951807228916,0.9789900647160698,0.8390461986305696
