n_estimators,max_depth,min_samples_split,min_samples_leaf,max_features,class_weight,precision,recall,f1,roc_auc,pr_auc
100,5.0,2,1,sqrt,balanced,0.8627450980392157,0.8918918918918919,0.8770764119601329,0.9967128305411243,0.9665282962615146
100,5.0,2,1,sqrt,balanced_subsample,0.8601398601398601,0.831081081081081,0.845360824742268,0.9953446967485844,0.9520429950498339
100,5.0,2,1,log2,balanced,0.7911392405063291,0.8445945945945946,0.8169934640522876,0.9921852197770124,0.9183319201500774
100,5.0,2,1,log2,balanced_subsample,0.905982905982906,0.7162162162162162,0.8,0.9936044305644738,0.9306609092494799
100,5.0,2,2,sqrt,balanced,0.8289473684210527,0.8513513513513513,0.84,0.9945201681162804,0.9477662878552121
100,5.0,2,2,sqrt,balanced_subsample,0.8561643835616438,0.8445945945945946,0.8503401360544217,0.9947171793824061,0.9488395868688965
100,5.0,2,2,log2,balanced,0.75625,0.8175675675675675,0.7857142857142857,0.9858188371957272,0.8713523309749417
100,5.0,2,2,log2,balanced_subsample,0.7628205128205128,0.8040540540540541,0.7828947368421053,0.9745016344638375,0.8840975892060179
100,5.0,2,5,sqrt,balanced,0.8157894736842105,0.8378378378378378,0.8266666666666667,0.9934147160119082,0.9410229989382197
100,5.0,2,5,sqrt,balanced_subsample,0.8551724137931035,0.8378378378378378,0.8464163822525598,0.9945931352518825,0.94666492414953
100,5.0,2,5,log2,balanced,0.7314285714285714,0.8648648648648649,0.7925696594427245,0.9892227540715661,0.887183902320085
100,5.0,2,5,log2,balanced_subsample,0.7549668874172185,0.7702702702702703,0.7625418060200669,0.9752422508901991,0.8790232403209507
100,5.0,5,1,sqrt,balanced,0.8618421052631579,0.8851351351351351,0.8733333333333333,0.9963662366470142,0.9623940513552385
100,5.0,5,1,sqrt,balanced_subsample,0.8601398601398601,0.831081081081081,0.845360824742268,0.9950966084875372,0.9501035459428213
100,5.0,5,1,log2,balanced,0.8012820512820513,0.8445945945945946,0.8223684210526315,0.9919152413752845,0.9159645434756166
100,5.0,5,1,log2,balanced_subsample,0.8916666666666667,0.722972972972973,0.7985074626865671,0.9920246920786878,0.9197170354204587
100,5.0,5,2,sqrt,balanced,0.84,0.8513513513513513,0.8456375838926175,0.9946879925281653,0.9491147648982745
100,5.0,5,2,sqrt,balanced_subsample,0.8551724137931035,0.8378378378378378,0.8464163822525598,0.994709882668846,0.9486379105762547
100,5.0,5,2,log2,balanced,0.7469135802469136,0.8175675675675675,0.7806451612903226,0.9859538263965909,0.870333180051572
100,5.0,5,2,log2,balanced_subsample,0.7628205128205128,0.8040540540540541,0.7828947368421053,0.9745016344638375,0.8840975892060179
100,5.0,5,5,sqrt,balanced,0.8157894736842105,0.8378378378378378,0.8266666666666667,0.9934147160119082,0.9410229989382197
100,5.0,5,5,sqrt,balanced_subsample,0.8551724137931035,0.8378378378378378,0.8464163822525598,0.9945931352518825,0.94666492414953
100,5.0,5,5,log2,balanced,0.7314285714285714,0.8648648648648649,0.7925696594427245,0.9892227540715661,0.887183902320085
100,5.0,5,5,log2,balanced_subsample,0.7549668874172185,0.7702702702702703,0.7625418060200669,0.9752422508901991,0.8790232403209507
100,5.0,10,1,sqrt,balanced,0.8471337579617835,0.8986486486486487,0.8721311475409836,0.9964793357071975,0.9628708577854547
100,5.0,10,1,sqrt,balanced_subsample,0.8611111111111112,0.8378378378378378,0.8493150684931506,0.9953921253867258,0.9520283952785797
100,5.0,10,1,log2,balanced,0.79375,0.8581081081081081,0.8246753246753247,0.9927361216508084,0.9212560002189257
100,5.0,10,1,log2,balanced_subsample,0.8974358974358975,0.7094594594594594,0.7924528301886793,0.9922253517015936,0.9209653618538846
100,5.0,10,2,sqrt,balanced,0.84,0.8513513513513513,0.8456375838926175,0.9929112427762535,0.9395052543401315
100,5.0,10,2,sqrt,balanced_subsample,0.8551724137931035,0.8378378378378378,0.8464163822525598,0.9945967836086627,0.9474008362561392
100,5.0,10,2,log2,balanced,0.7341040462427746,0.8581081081081081,0.7912772585669782,0.9885988850621681,0.8806931861868921
100,5.0,10,2,log2,balanced_subsample,0.7662337662337663,0.7972972972972973,0.7814569536423841,0.9763002743564299,0.8852065556389651
100,5.0,10,5,sqrt,balanced,0.8157894736842105,0.8378378378378378,0.8266666666666667,0.9934147160119082,0.9410229989382197
100,5.0,10,5,sqrt,balanced_subsample,0.8551724137931035,0.8378378378378378,0.8464163822525598,0.9945931352518825,0.94666492414953
100,5.0,10,5,log2,balanced,0.7314285714285714,0.8648648648648649,0.7925696594427245,0.9892227540715661,0.887183902320085
100,5.0,10,5,log2,balanced_subsample,0.7549668874172185,0.7702702702702703,0.7625418060200669,0.9752422508901991,0.8790232403209507
100,10.0,2,1,sqrt,balanced,0.8987341772151899,0.9594594594594594,0.9281045751633987,0.998693888272722,0.9853895098346963
100,10.0,2,1,sqrt,balanced_subsample,0.9084507042253521,0.8716216216216216,0.8896551724137931,0.9977927441480356,0.9755384290758595
100,10.0,2,1,log2,balanced,0.8413793103448276,0.8243243243243243,0.8327645051194539,0.9930024516957562,0.9341346874122779
100,10.0,2,1,log2,balanced_subsample,0.9318181818181818,0.831081081081081,0.8785714285714286,0.9963589399334539,0.9616661034918924
100,10.0,2,2,sqrt,balanced,0.891156462585034,0.8851351351351351,0.888135593220339,0.9967894460335065,0.9701415726493884
100,10.0,2,2,sqrt,balanced_subsample,0.9148936170212766,0.8716216216216216,0.8927335640138409,0.997081314575915,0.9689257420199794
100,10.0,2,2,log2,balanced,0.7295597484276729,0.7837837837837838,0.755700325732899,0.9836444165547836,0.8734993408220472
100,10.0,2,2,log2,balanced_subsample,0.8156028368794326,0.777027027027027,0.7958477508650519,0.9731079621738369,0.8627959044622907
100,10.0,2,5,sqrt,balanced,0.8263473053892215,0.9324324324324325,0.8761904761904762,0.9973148094098419,0.9719583060197378
100,10.0,2,5,sqrt,balanced_subsample,0.8904109589041096,0.8783783783783784,0.8843537414965986,0.996771204249606,0.9657513735343434
100,10.0,2,5,log2,balanced,0.7678571428571429,0.8716216216216216,0.8164556962025317,0.9893030179207285,0.895531167512954
100,10.0,2,5,log2,balanced_subsample,0.7770700636942676,0.8243243243243243,0.8,0.9813605452104373,0.8849003263459317
100,10.0,5,1,sqrt,balanced,0.9,0.9121621621621622,0.9060402684563759,0.998558899071858,0.984477084606439
100,10.0,5,1,sqrt,balanced_subsample,0.8979591836734694,0.8918918918918919,0.8949152542372881,0.9977890957912556,0.9754364203727999
100,10.0,5,1,log2,balanced,0.8513513513513513,0.8513513513513513,0.8513513513513513,0.9945420582569611,0.9458574479223463
100,10.0,5,1,log2,balanced_subsample,0.9398496240601504,0.8445945945945946,0.8896797153024911,0.9948047399451287,0.9546045270688216
100,10.0,5,2,sqrt,balanced,0.8986486486486487,0.8986486486486487,0.8986486486486487,0.997832876072617,0.9763973032601774
100,10.0,5,2,sqrt,balanced_subsample,0.9014084507042254,0.8648648648648649,0.8827586206896552,0.9964793357071975,0.9679564690369886
100,10.0,5,2,log2,balanced,0.7159090909090909,0.8513513513513513,0.7777777777777778,0.9891972155741054,0.8918228998137954
100,10.0,5,2,log2,balanced_subsample,0.7862068965517242,0.7702702702702703,0.7781569965870307,0.9846586597396534,0.886923046162276
100,10.0,5,5,sqrt,balanced,0.8263473053892215,0.9324324324324325,0.8761904761904762,0.9973148094098419,0.9719583060197378
100,10.0,5,5,sqrt,balanced_subsample,0.8904109589041096,0.8783783783783784,0.8843537414965986,0.996771204249606,0.9657513735343434
100,10.0,5,5,log2,balanced,0.7678571428571429,0.8716216216216216,0.8164556962025317,0.9893030179207285,0.895531167512954
100,10.0,5,5,log2,balanced_subsample,0.7770700636942676,0.8243243243243243,0.8,0.9813605452104373,0.8849003263459317
100,10.0,10,1,sqrt,balanced,0.89171974522293,0.9459459459459459,0.9180327868852459,0.9986318662074601,0.984777826466977
100,10.0,10,1,sqrt,balanced_subsample,0.9424460431654677,0.8851351351351351,0.9128919860627178,0.9979861070573813,0.9783635701706768
100,10.0,10,1,log2,balanced,0.8611111111111112,0.8378378378378378,0.8493150684931506,0.9941152005136886,0.9465811020100348
100,10.0,10,1,log2,balanced_subsample,0.967479674796748,0.8040540540540541,0.8782287822878229,0.9934147160119082,0.9507962247387609
100,10.0,10,2,sqrt,balanced,0.85625,0.9256756756756757,0.8896103896103896,0.9979970521277217,0.9775111923930432
100,10.0,10,2,sqrt,balanced_subsample,0.9041095890410958,0.8918918918918919,0.8979591836734694,0.9974388535403654,0.9711978429509245
100,10.0,10,2,log2,balanced,0.7257142857142858,0.8581081081081081,0.7863777089783281,0.989390578483451,0.8903414263640346
100,10.0,10,2,log2,balanced_subsample,0.8571428571428571,0.8108108108108109,0.8333333333333334,0.9764170217733932,0.8874254466471324
100,10.0,10,5,sqrt,balanced,0.8263473053892215,0.9324324324324325,0.8761904761904762,0.9973148094098419,0.9719583060197378
100,10.0,10,5,sqrt,balanced_subsample,0.8904109589041096,0.8783783783783784,0.8843537414965986,0.996771204249606,0.9657513735343434
100,10.0,10,5,log2,balanced,0.7678571428571429,0.8716216216216216,0.8164556962025317,0.9893030179207285,0.895531167512954
100,10.0,10,5,log2,balanced_subsample,0.7770700636942676,0.8243243243243243,0.8,0.9813605452104373,0.8849003263459317
100,15.0,2,1,sqrt,balanced,0.9776119402985075,0.8851351351351351,0.9290780141843972,0.9992301967193977,0.9909774640975145
100,15.0,2,1,sqrt,balanced_subsample,0.9923076923076923,0.8716216216216216,0.9280575539568345,0.9992156032922771,0.9910931850567151
100,15.0,2,1,log2,balanced,0.9084507042253521,0.8716216216216216,0.8896551724137931,0.995399422100286,0.958876224607877
100,15.0,2,1,log2,balanced_subsample,0.9841269841269841,0.8378378378378378,0.9051094890510949,0.997048479364894,0.972598086052348
100,15.0,2,2,sqrt,balanced,0.8545454545454545,0.9527027027027027,0.9009584664536742,0.9985041737201563,0.9833639679923342
100,15.0,2,2,sqrt,balanced_subsample,0.9197080291970803,0.8513513513513513,0.8842105263157894,0.9976358648064911,0.9739975887245407
100,15.0,2,2,log2,balanced,0.7763157894736842,0.7972972972972973,0.7866666666666666,0.9876831475103613,0.8941195776781609
100,15.0,2,2,log2,balanced_subsample,0.8682170542635659,0.7567567567567568,0.8086642599277978,0.9790110034440488,0.8845112538899776
100,15.0,2,5,sqrt,balanced,0.8470588235294118,0.972972972972973,0.9056603773584906,0.9985260638608371,0.9830059237002949
100,15.0,2,5,sqrt,balanced_subsample,0.8904109589041096,0.8783783783783784,0.8843537414965986,0.9969061934504698,0.9688147377581912
100,15.0,2,5,log2,balanced,0.7791411042944786,0.8581081081081081,0.8167202572347267,0.9898320296538439,0.897931550802362
100,15.0,2,5,log2,balanced_subsample,0.8129032258064516,0.8513513513513513,0.8316831683168316,0.9836188780573231,0.8979830186860785
100,15.0,5,1,sqrt,balanced,0.9637681159420289,0.8986486486486487,0.9300699300699301,0.9987741521218843,0.9864563277889722
100,15.0,5,1,sqrt,balanced_subsample,0.9703703703703703,0.8851351351351351,0.9257950530035336,0.9990185920261514,0.988763320671214
100,15.0,5,1,log2,balanced,0.9078014184397163,0.8648648648648649,0.8858131487889274,0.996395423501255,0.9658194506095946
100,15.0,5,1,log2,balanced_subsample,0.9769230769230769,0.8581081081081081,0.9136690647482014,0.9973950732590042,0.9770112536772985
100,15.0,5,2,sqrt,balanced,0.8881578947368421,0.9121621621621622,0.9,0.9979642169167007,0.9778523775034443
100,15.0,5,2,sqrt,balanced_subsample,0.9477611940298507,0.8581081081081081,0.900709219858156,0.9979313817056797,0.9773073680860901
100,15.0,5,2,log2,balanced,0.7321428571428571,0.831081081081081,0.7784810126582279,0.9856729029245228,0.8898211793657147
100,15.0,5,2,log2,balanced_subsample,0.8625954198473282,0.7635135135135135,0.8100358422939068,0.9717690152355379,0.8699126477984862
100,15.0,5,5,sqrt,balanced,0.8470588235294118,0.972972972972973,0.9056603773584906,0.9985260638608371,0.9830059237002949
100,15.0,5,5,sqrt,balanced_subsample,0.8904109589041096,0.8783783783783784,0.8843537414965986,0.9969061934504698,0.9688147377581912
100,15.0,5,5,log2,balanced,0.7791411042944786,0.8581081081081081,0.8167202572347267,0.9898320296538439,0.897931550802362
100,15.0,5,5,log2,balanced_subsample,0.8129032258064516,0.8513513513513513,0.8316831683168316,0.9836188780573231,0.8979830186860785
100,15.0,10,1,sqrt,balanced,0.9640287769784173,0.9054054054054054,0.9337979094076655,0.9986829432023816,0.9856907064332032
100,15.0,10,1,sqrt,balanced_subsample,0.9699248120300752,0.8716216216216216,0.9181494661921709,0.9987267234837429,0.9856534311876887
100,15.0,10,1,log2,balanced,0.8758620689655172,0.8581081081081081,0.8668941979522184,0.9953775319596054,0.9528577172532972
100,15.0,10,1,log2,balanced_subsample,0.9692307692307692,0.8513513513513513,0.9064748201438849,0.9975519526005487,0.9749992795573572
100,15.0,10,2,sqrt,balanced,0.8881987577639752,0.9662162162162162,0.9255663430420712,0.9986902399159419,0.9853516124317443
100,15.0,10,2,sqrt,balanced_subsample,0.9290780141843972,0.8851351351351351,0.9065743944636678,0.9972345455606795,0.9728109042211573
100,15.0,10,2,log2,balanced,0.751412429378531,0.8986486486486487,0.8184615384615385,0.991006800537038,0.9059377360129928
100,15.0,10,2,log2,balanced_subsample,0.82,0.831081081081081,0.825503355704698,0.9803353569552273,0.8900554112682474
100,15.0,10,5,sqrt,balanced,0.8470588235294118,0.972972972972973,0.9056603773584906,0.9985260638608371,0.9830059237002949
100,15.0,10,5,sqrt,balanced_subsample,0.8904109589041096,0.8783783783783784,0.8843537414965986,0.9969061934504698,0.9688147377581912
100,15.0,10,5,log2,balanced,0.7791411042944786,0.8581081081081081,0.8167202572347267,0.9898320296538439,0.897931550802362
100,15.0,10,5,log2,balanced_subsample,0.8129032258064516,0.8513513513513513,0.8316831683168316,0.9836188780573231,0.8979830186860785
100,,2,1,sqrt,balanced,1.0,0.8716216216216216,0.9314079422382672,0.9991827680812562,0.9902189363236533
100,,2,1,sqrt,balanced_subsample,1.0,0.8243243243243243,0.9037037037037037,0.9988854270036776,0.986759416487359
100,,2,1,log2,balanced,0.9918032786885246,0.8175675675675675,0.8962962962962963,0.998144810577316,0.9806910307780992
100,,2,1,log2,balanced_subsample,1.0,0.5878378378378378,0.7404255319148936,0.9978529420349075,0.9767812152031649
100,,2,2,sqrt,balanced,0.9047619047619048,0.8986486486486487,0.9016949152542373,0.99793867841924,0.9792300093308215
100,,2,2,sqrt,balanced_subsample,0.9477611940298507,0.8581081081081081,0.900709219858156,0.9971032047165956,0.9704263646557603
100,,2,2,log2,balanced,0.8695652173913043,0.8108108108108109,0.8391608391608392,0.9852971221761718,0.9106740859258595
100,,2,2,log2,balanced_subsample,0.8515625,0.7364864864864865,0.7898550724637681,0.9770737259938124,0.8700539546887428
100,,2,5,sqrt,balanced,0.8411764705882353,0.9662162162162162,0.89937106918239,0.9983947230167532,0.9819754342945428
100,,2,5,sqrt,balanced_subsample,0.900709219858156,0.8581081081081081,0.8788927335640139,0.99793867841924,0.9768152965593352
100,,2,5,log2,balanced,0.7844311377245509,0.8851351351351351,0.8317460317460318,0.9910432841048392,0.8994731238814068
100,,2,5,log2,balanced_subsample,0.7976190476190477,0.9054054054054054,0.8481012658227848,0.9890075010215398,0.9103921427067121
100,,5,1,sqrt,balanced,1.0,0.8783783783783784,0.935251798561151,0.9993359990660207,0.9922270377576792
100,,5,1,sqrt,balanced_subsample,1.0,0.8513513513513513,0.9197080291970803,0.9992922187846593,0.991735747886073
100,,5,1,log2,balanced,0.9921875,0.8581081081081081,0.9202898550724637,0.9986318662074603,0.9854396397157121
100,,5,1,log2,balanced_subsample,1.0,0.7297297297297297,0.84375,0.998423909870994,0.9831510126035337
100,,5,2,sqrt,balanced,0.9241379310344827,0.9054054054054054,0.9146757679180887,0.9984020197303134,0.9824600095492546
100,,5,2,sqrt,balanced_subsample,0.9621212121212122,0.8581081081081081,0.9071428571428571,0.9970849629326951,0.9737125057772242
100,,5,2,log2,balanced,0.7590361445783133,0.8513513513513513,0.802547770700637,0.9881063568968537,0.8985150257460113
100,,5,2,log2,balanced_subsample,0.8527131782945736,0.7432432432432432,0.7942238267148014,0.9808643686883428,0.8806916128130605
100,,5,5,sqrt,balanced,0.8411764705882353,0.9662162162162162,0.89937106918239,0.9983947230167532,0.9819754342945428
100,,5,5,sqrt,balanced_subsample,0.900709219858156,0.8581081081081081,0.8788927335640139,0.99793867841924,0.9768152965593352
100,,5,5,log2,balanced,0.7844311377245509,0.8851351351351351,0.8317460317460318,0.9910432841048392,0.8994731238814068
100,,5,5,log2,balanced_subsample,0.7976190476190477,0.9054054054054054,0.8481012658227848,0.9890075010215398,0.9103921427067121
100,,10,1,sqrt,balanced,0.9851851851851852,0.8986486486486487,0.9399293286219081,0.999416262915183,0.9931403914165694
100,,10,1,sqrt,balanced_subsample,1.0,0.8716216216216216,0.9314079422382672,0.99897116338801,0.9885099837010392
100,,10,1,log2,balanced,0.9847328244274809,0.8716216216216216,0.9247311827956989,0.9985552507150779,0.9855031500646578
100,,10,1,log2,balanced_subsample,1.0,0.7567567567567568,0.8615384615384616,0.9976322164497109,0.9789151267916879
100,,10,2,sqrt,balanced,0.9025974025974026,0.9391891891891891,0.9205298013245033,0.9987048333430624,0.9858375891934905
100,,10,2,sqrt,balanced_subsample,0.9440559440559441,0.9121621621621622,0.9278350515463918,0.9985661957854182,0.9833649609882881
100,,10,2,log2,balanced,0.7558139534883721,0.8783783783783784,0.8125,0.9906893934971688,0.9006291735044105
100,,10,2,log2,balanced_subsample,0.8120805369127517,0.8175675675675675,0.8148148148148148,0.9801602358297823,0.8901675453497652
100,,10,5,sqrt,balanced,0.8411764705882353,0.9662162162162162,0.89937106918239,0.9983947230167532,0.9819754342945428
100,,10,5,sqrt,balanced_subsample,0.900709219858156,0.8581081081081081,0.8788927335640139,0.99793867841924,0.9768152965593352
100,,10,5,log2,balanced,0.7844311377245509,0.8851351351351351,0.8317460317460318,0.9910432841048392,0.8994731238814068
100,,10,5,log2,balanced_subsample,0.7976190476190477,0.9054054054054054,0.8481012658227848,0.9890075010215398,0.9103921427067121
200,5.0,2,1,sqrt,balanced,0.903448275862069,0.8851351351351351,0.89419795221843,0.9969609188021714,0.9663086963982586
200,5.0,2,1,sqrt,balanced_subsample,0.8775510204081632,0.8716216216216216,0.8745762711864407,0.9964355554258363,0.9614563040370161
200,5.0,2,1,log2,balanced,0.8376623376623377,0.8716216216216216,0.8543046357615894,0.9941918160060709,0.9359917203860422
200,5.0,2,1,log2,balanced_subsample,0.8731343283582089,0.7905405405405406,0.8297872340425532,0.9924369563948398,0.9279332618710824
200,5.0,2,2,sqrt,balanced,0.8671328671328671,0.8378378378378378,0.852233676975945,0.9960342361800245,0.9576426436438014
200,5.0,2,2,sqrt,balanced_subsample,0.8904109589041096,0.8783783783783784,0.8843537414965986,0.9957606094215166,0.9578763303504708
200,5.0,2,2,log2,balanced,0.7735849056603774,0.831081081081081,0.8013029315960912,0.9875882902340786,0.8852338775109263
200,5.0,2,2,log2,balanced_subsample,0.8297872340425532,0.7905405405405406,0.8096885813148789,0.9771722316268753,0.8814561385845844
200,5.0,2,5,sqrt,balanced,0.8732394366197183,0.8378378378378378,0.8551724137931035,0.9959028953359407,0.9563732332778712
200,5.0,2,5,sqrt,balanced_subsample,0.8783783783783784,0.8783783783783784,0.8783783783783784,0.99553441130115,0.9540566100535366
200,5.0,2,5,log2,balanced,0.7559523809523809,0.8581081081081081,0.8037974683544303,0.9903427996030588,0.8986017783545979
200,5.0,2,5,log2,balanced_subsample,0.837037037037037,0.7635135135135135,0.7985865724381626,0.9783397057965092,0.8765112710561296
200,5.0,5,1,sqrt,balanced,0.903448275862069,0.8851351351351351,0.89419795221843,0.9966508084758625,0.9627306916210483
200,5.0,5,1,sqrt,balanced_subsample,0.8767123287671232,0.8648648648648649,0.8707482993197279,0.9963479948631137,0.9604464241018638
200,5.0,5,1,log2,balanced,0.8376623376623377,0.8716216216216216,0.8543046357615894,0.9941334422975892,0.9355743419803231
200,5.0,5,1,log2,balanced_subsample,0.8666666666666667,0.7905405405405406,0.8268551236749117,0.991448251707431,0.9233680333730845
200,5.0,5,2,sqrt,balanced,0.8680555555555556,0.8445945945945946,0.8561643835616438,0.9960743681046057,0.9577037246471654
200,5.0,5,2,sqrt,balanced_subsample,0.8904109589041096,0.8783783783783784,0.8843537414965986,0.9957314225672758,0.9578351681255788
200,5.0,5,2,log2,balanced,0.7735849056603774,0.831081081081081,0.8013029315960912,0.9876503122993404,0.8849318889656796
200,5.0,5,2,log2,balanced_subsample,0.8297872340425532,0.7905405405405406,0.8096885813148789,0.9774276166014827,0.8815922797227074
200,5.0,5,5,sqrt,balanced,0.8732394366197183,0.8378378378378378,0.8551724137931035,0.9959028953359407,0.9563732332778712
200,5.0,5,5,sqrt,balanced_subsample,0.8783783783783784,0.8783783783783784,0.8783783783783784,0.99553441130115,0.9540566100535366
200,5.0,5,5,log2,balanced,0.7559523809523809,0.8581081081081081,0.8037974683544303,0.9903427996030588,0.8986017783545979
200,5.0,5,5,log2,balanced_subsample,0.837037037037037,0.7635135135135135,0.7985865724381626,0.9783397057965092,0.8765112710561296
200,5.0,10,1,sqrt,balanced,0.903448275862069,0.8851351351351351,0.89419795221843,0.9967456657521452,0.9636357972453102
200,5.0,10,1,sqrt,balanced_subsample,0.8767123287671232,0.8648648648648649,0.8707482993197279,0.9964027202148152,0.9605317702808907
200,5.0,10,1,log2,balanced,0.832258064516129,0.8716216216216216,0.8514851485148515,0.9945493549705213,0.9390001902106575
200,5.0,10,1,log2,balanced_subsample,0.8666666666666667,0.7905405405405406,0.8268551236749117,0.9916306695464363,0.9242403580142953
200,5.0,10,2,sqrt,balanced,0.863013698630137,0.8513513513513513,0.8571428571428571,0.9958153347732182,0.9562801925096854
200,5.0,10,2,sqrt,balanced_subsample,0.8904109589041096,0.8783783783783784,0.8843537414965986,0.9956839939291343,0.9554882931257632
200,5.0,10,2,log2,balanced,0.7590361445783133,0.8513513513513513,0.802547770700637,0.9900910629852314,0.8961716758513231
200,5.0,10,2,log2,balanced_subsample,0.8260869565217391,0.7702702702702703,0.7972027972027972,0.9788103438211428,0.8807110768966334
200,5.0,10,5,sqrt,balanced,0.8732394366197183,0.8378378378378378,0.8551724137931035,0.9959028953359407,0.9563732332778712
200,5.0,10,5,sqrt,balanced_subsample,0.8783783783783784,0.8783783783783784,0.8783783783783784,0.99553441130115,0.9540566100535366
200,5.0,10,5,log2,balanced,0.7559523809523809,0.8581081081081081,0.8037974683544303,0.9903427996030588,0.8986017783545979
200,5.0,10,5,log2,balanced_subsample,0.837037037037037,0.7635135135135135,0.7985865724381626,0.9783397057965092,0.8765112710561296
200,10.0,2,1,sqrt,balanced,0.92,0.9324324324324325,0.9261744966442953,0.9988471192574864,0.9867757248460225
200,10.0,2,1,sqrt,balanced_subsample,0.9090909090909091,0.8783783783783784,0.8934707903780069,0.9982268986048684,0.97942864058366
200,10.0,2,1,log2,balanced,0.8802816901408451,0.8445945945945946,0.8620689655172413,0.9949068939349717,0.9501022856543831
200,10.0,2,1,log2,balanced_subsample,0.9136690647482014,0.8581081081081081,0.8850174216027874,0.9965377094156792,0.9645747948828418
200,10.0,2,2,sqrt,balanced,0.8926174496644296,0.8986486486486487,0.8956228956228957,0.9977963925048158,0.9763871036521169
200,10.0,2,2,sqrt,balanced_subsample,0.8979591836734694,0.8918918918918919,0.8949152542372881,0.9980663709065437,0.9784592579170592
200,10.0,2,2,log2,balanced,0.7986577181208053,0.8040540540540541,0.8013468013468014,0.9887083357655713,0.8999240841881859
200,10.0,2,2,log2,balanced_subsample,0.8661417322834646,0.7432432432432432,0.8,0.9779748701184986,0.8823163272275711
200,10.0,2,5,sqrt,balanced,0.8734177215189873,0.9324324324324325,0.9019607843137255,0.9980189422684023,0.9780972802672977
200,10.0,2,5,sqrt,balanced_subsample,0.8774193548387097,0.918918918918919,0.8976897689768977,0.9980846126904442,0.9785163962819738
200,10.0,2,5,log2,balanced,0.810126582278481,0.8648648648648649,0.8366013071895425,0.991346097717588,0.9141922000992331
200,10.0,2,5,log2,balanced_subsample,0.8309859154929577,0.7972972972972973,0.8137931034482758,0.9843412526997839,0.8950540480909959
200,10.0,5,1,sqrt,balanced,0.9,0.9121621621621622,0.9060402684563759,0.9986610530617009,0.9847497748769305
200,10.0,5,1,sqrt,balanced_subsample,0.9219858156028369,0.8783783783783784,0.8996539792387543,0.9981977117506274,0.9796090869051873
200,10.0,5,1,log2,balanced,0.8675496688741722,0.8851351351351351,0.8762541806020067,0.9959977526122235,0.9579867928686924
200,10.0,5,1,log2,balanced_subsample,0.9064748201438849,0.8513513513513513,0.8780487804878049,0.9954869826630086,0.9591682470602921
200,10.0,5,2,sqrt,balanced,0.8986486486486487,0.8986486486486487,0.8986486486486487,0.9980007004845017,0.9780148809629698
200,10.0,5,2,sqrt,balanced_subsample,0.9027777777777778,0.8783783783783784,0.8904109589041096,0.997628568092931,0.9751154288441112
200,10.0,5,2,log2,balanced,0.7398843930635838,0.8648648648648649,0.7975077881619937,0.9901640301208335,0.8987907961214496
200,10.0,5,2,log2,balanced_subsample,0.8712121212121212,0.777027027027027,0.8214285714285714,0.9830935146809876,0.8999355769254919
200,10.0,5,5,sqrt,balanced,0.8734177215189873,0.9324324324324325,0.9019607843137255,0.9980189422684023,0.9780972802672977
200,10.0,5,5,sqrt,balanced_subsample,0.8774193548387097,0.918918918918919,0.8976897689768977,0.9980846126904442,0.9785163962819738
200,10.0,5,5,log2,balanced,0.810126582278481,0.8648648648648649,0.8366013071895425,0.991346097717588,0.9141922000992331
200,10.0,5,5,log2,balanced_subsample,0.8309859154929577,0.7972972972972973,0.8137931034482758,0.9843412526997839,0.8950540480909959
200,10.0,10,1,sqrt,balanced,0.9032258064516129,0.9459459459459459,0.9240924092409241,0.9986792948456015,0.9850383537875476
200,10.0,10,1,sqrt,balanced_subsample,0.9290780141843972,0.8851351351351351,0.9065743944636678,0.9983582394489521,0.9811850316786547
200,10.0,10,1,log2,balanced,0.8775510204081632,0.8716216216216216,0.8745762711864407,0.9951075535578775,0.9543584835252509
200,10.0,10,1,log2,balanced_subsample,0.920863309352518,0.8648648648648649,0.89198606271777,0.9954614441655478,0.964733606542063
200,10.0,10,2,sqrt,balanced,0.8717948717948718,0.918918918918919,0.8947368421052632,0.9982013601074077,0.9793529756668673
200,10.0,10,2,sqrt,balanced_subsample,0.9006622516556292,0.918918918918919,0.9096989966555183,0.9980335356955228,0.9775933504754061
200,10.0,10,2,log2,balanced,0.7884615384615384,0.831081081081081,0.8092105263157895,0.990900998190415,0.904248483870616
200,10.0,10,2,log2,balanced_subsample,0.8837209302325582,0.7702702702702703,0.8231046931407943,0.9816159301850447,0.8950938499463577
200,10.0,10,5,sqrt,balanced,0.8734177215189873,0.9324324324324325,0.9019607843137255,0.9980189422684023,0.9780972802672977
200,10.0,10,5,sqrt,balanced_subsample,0.8774193548387097,0.918918918918919,0.8976897689768977,0.9980846126904442,0.9785163962819738
200,10.0,10,5,log2,balanced,0.810126582278481,0.8648648648648649,0.8366013071895425,0.991346097717588,0.9141922000992331
200,10.0,10,5,log2,balanced_subsample,0.8309859154929577,0.7972972972972973,0.8137931034482758,0.9843412526997839,0.8950540480909959
200,15.0,2,1,sqrt,balanced,0.9777777777777777,0.8918918918918919,0.9328621908127208,0.9993287023524604,0.9920205641593589
200,15.0,2,1,sqrt,balanced_subsample,0.9848484848484849,0.8783783783783784,0.9285714285714286,0.9993615375634813,0.9924313130438324
200,15.0,2,1,log2,balanced,0.9084507042253521,0.8716216216216216,0.8896551724137931,0.9967857976767264,0.9675648515683264
200,15.0,2,1,log2,balanced_subsample,0.9481481481481482,0.8648648648648649,0.9045936395759717,0.9976541065903917,0.9755282697010387
200,15.0,2,2,sqrt,balanced,0.9032258064516129,0.9459459459459459,0.9240924092409241,0.998730371840523,0.9856851701783951
200,15.0,2,2,sqrt,balanced_subsample,0.9635036496350365,0.8918918918918919,0.9263157894736842,0.9987376685540832,0.985871516194051
200,15.0,2,2,log2,balanced,0.8,0.8378378378378378,0.8184818481848185,0.9904558986632421,0.9136435256439203
200,15.0,2,2,log2,balanced_subsample,0.9112903225806451,0.7635135135135135,0.8308823529411765,0.9833561963691554,0.9068331643983852
200,15.0,2,5,sqrt,balanced,0.8579881656804734,0.9797297297297297,0.9148264984227129,0.9990295370964918,0.9888119065757093
200,15.0,2,5,sqrt,balanced_subsample,0.875,0.9459459459459459,0.9090909090909091,0.998383777946413,0.9820429415702993
200,15.0,2,5,log2,balanced,0.8050314465408805,0.8648648648648649,0.8338762214983714,0.9912548887980853,0.914106417940936
200,15.0,2,5,log2,balanced_subsample,0.8776978417266187,0.8243243243243243,0.8501742160278746,0.9844507034031872,0.910983936353541
200,15.0,5,1,sqrt,balanced,0.9777777777777777,0.8918918918918919,0.9328621908127208,0.9991134493024342,0.989645447921927
200,15.0,5,1,sqrt,balanced_subsample,0.9848484848484849,0.8783783783783784,0.9285714285714286,0.999208306578717,0.9907884580448068
200,15.0,5,1,log2,balanced,0.9280575539568345,0.8716216216216216,0.8989547038327527,0.997562897670889,0.9737300917444718
200,15.0,5,1,log2,balanced_subsample,0.9699248120300752,0.8716216216216216,0.9181494661921709,0.9973804798318837,0.9761851395001748
200,15.0,5,2,sqrt,balanced,0.8947368421052632,0.918918918918919,0.9066666666666666,0.9984749868659155,0.9832411877168958
200,15.0,5,2,sqrt,balanced_subsample,0.9347826086956522,0.8716216216216216,0.9020979020979021,0.9985880859260989,0.9838300891314709
200,15.0,5,2,log2,balanced,0.7530864197530864,0.8243243243243243,0.7870967741935484,0.9896350183877182,0.907714322794168
200,15.0,5,2,log2,balanced_subsample,0.8818897637795275,0.7567567567567568,0.8145454545454546,0.9795035316093631,0.8912268164375605
200,15.0,5,5,sqrt,balanced,0.8579881656804734,0.9797297297297297,0.9148264984227129,0.9990295370964918,0.9888119065757093
200,15.0,5,5,sqrt,balanced_subsample,0.875,0.9459459459459459,0.9090909090909091,0.998383777946413,0.9820429415702993
200,15.0,5,5,log2,balanced,0.8050314465408805,0.8648648648648649,0.8338762214983714,0.9912548887980853,0.914106417940936
200,15.0,5,5,log2,balanced_subsample,0.8776978417266187,0.8243243243243243,0.8501742160278746,0.9844507034031872,0.910983936353541
200,15.0,10,1,sqrt,balanced,0.9571428571428572,0.9054054054054054,0.9305555555555556,0.9989419765337691,0.9880531491690248
200,15.0,10,1,sqrt,balanced_subsample,0.9849624060150376,0.8851351351351351,0.9323843416370107,0.9990806140914131,0.9894907348980022
200,15.0,10,1,log2,balanced,0.9020979020979021,0.8716216216216216,0.8865979381443299,0.9968587648123285,0.9676073783402673
200,15.0,10,1,log2,balanced_subsample,0.9420289855072463,0.8783783783783784,0.9090909090909091,0.9977927441480358,0.9765279960185331
200,15.0,10,2,sqrt,balanced,0.9032258064516129,0.9459459459459459,0.9240924092409241,0.9988142840464654,0.9865991773554612
200,15.0,10,2,sqrt,balanced_subsample,0.9370629370629371,0.9054054054054054,0.9209621993127147,0.9985297122176172,0.983361177578618
200,15.0,10,2,log2,balanced,0.7582417582417582,0.9324324324324325,0.8363636363636363,0.9928419239974315,0.9264467822670965
200,15.0,10,2,log2,balanced_subsample,0.8705035971223022,0.8175675675675675,0.8432055749128919,0.984753517015936,0.9089061869258226
200,15.0,10,5,sqrt,balanced,0.8579881656804734,0.9797297297297297,0.9148264984227129,0.9990295370964918,0.9888119065757093
200,15.0,10,5,sqrt,balanced_subsample,0.875,0.9459459459459459,0.9090909090909091,0.998383777946413,0.9820429415702993
200,15.0,10,5,log2,balanced,0.8050314465408805,0.8648648648648649,0.8338762214983714,0.9912548887980853,0.914106417940936
200,15.0,10,5,log2,balanced_subsample,0.8776978417266187,0.8243243243243243,0.8501742160278746,0.9844507034031872,0.910983936353541
200,,2,1,sqrt,balanced,1.0,0.8716216216216216,0.9314079422382672,0.9993341748876305,0.9919507221549823
200,,2,1,sqrt,balanced_subsample,1.0,0.8378378378378378,0.9117647058823529,0.9990678448426827,0.9890326272008878
200,,2,1,log2,balanced,1.0,0.8243243243243243,0.9037037037037037,0.9985151187904967,0.9837200427076581
200,,2,1,log2,balanced_subsample,1.0,0.5945945945945946,0.7457627118644068,0.9980663709065437,0.9796734187960059
200,,2,2,sqrt,balanced,0.9310344827586207,0.9121621621621622,0.9215017064846417,0.998693888272722,0.9852477257552095
200,,2,2,sqrt,balanced_subsample,0.9624060150375939,0.8648648648648649,0.9110320284697508,0.9983728328760726,0.9811639071027852
200,,2,2,log2,balanced,0.8461538461538461,0.8175675675675675,0.8316151202749141,0.9897225789504407,0.9282755037574658
200,,2,2,log2,balanced_subsample,0.9482758620689655,0.7432432432432432,0.8333333333333334,0.9826155799427938,0.9180250185179207
200,,2,5,sqrt,balanced,0.8719512195121951,0.9662162162162162,0.9166666666666666,0.9985807892125387,0.9836249748079362
200,,2,5,sqrt,balanced_subsample,0.9006622516556292,0.918918918918919,0.9096989966555183,0.9986537563481408,0.9843889433110158
200,,2,5,log2,balanced,0.7844311377245509,0.8851351351351351,0.8317460317460318,0.9921742747066722,0.9149138814755337
200,,2,5,log2,balanced_subsample,0.8486842105263158,0.8716216216216216,0.86,0.9906820967836086,0.935501352739629
200,,5,1,sqrt,balanced,1.0,0.8783783783783784,0.935251798561151,0.999551252116047,0.994655079226868
200,,5,1,sqrt,balanced_subsample,1.0,0.8648648648648649,0.927536231884058,0.9994636915533244,0.9934771330080708
200,,5,1,log2,balanced,0.9922480620155039,0.8648648648648649,0.924187725631769,0.9989237347498686,0.9878004249823438
200,,5,1,log2,balanced_subsample,1.0,0.722972972972973,0.8392156862745098,0.9987996906193449,0.9864594409321055
200,,5,2,sqrt,balanced,0.9370629370629371,0.9054054054054054,0.9209621993127147,0.9986938882727219,0.9856165447562019
200,,5,2,sqrt,balanced_subsample,0.9626865671641791,0.8716216216216216,0.9148936170212766,0.9980955577607845,0.9806095729592279
200,,5,2,log2,balanced,0.7888198757763976,0.8581081081081081,0.8220064724919094,0.9914664934913314,0.9165550646214459
200,,5,2,log2,balanced_subsample,0.8870967741935484,0.7432432432432432,0.8088235294117647,0.9825863930885529,0.9008501034058259
200,,5,5,sqrt,balanced,0.8719512195121951,0.9662162162162162,0.9166666666666666,0.9985807892125387,0.9836249748079362
200,,5,5,sqrt,balanced_subsample,0.9006622516556292,0.918918918918919,0.9096989966555183,0.9986537563481408,0.9843889433110158
200,,5,5,log2,balanced,0.7844311377245509,0.8851351351351351,0.8317460317460318,0.9921742747066722,0.9149138814755337
200,,5,5,log2,balanced_subsample,0.8486842105263158,0.8716216216216216,0.86,0.9906820967836086,0.935501352739629
200,,10,1,sqrt,balanced,0.9924242424242424,0.8851351351351351,0.9357142857142857,0.9994965267643454,0.993945300210744
200,,10,1,sqrt,balanced_subsample,1.0,0.8716216216216216,0.9314079422382672,0.9992812737143191,0.9914972002591425
200,,10,1,log2,balanced,0.9923076923076923,0.8716216216216216,0.9280575539568345,0.9990587239507326,0.9893742570722543
200,,10,1,log2,balanced_subsample,1.0,0.8108108108108109,0.8955223880597015,0.9984093164438737,0.9834853000182333
200,,10,2,sqrt,balanced,0.9324324324324325,0.9324324324324325,0.9324324324324325,0.9989821084583503,0.9884356473748847
200,,10,2,sqrt,balanced_subsample,0.9432624113475178,0.8986486486486487,0.9204152249134948,0.998693888272722,0.9849730556739675
200,,10,2,log2,balanced,0.7613636363636364,0.9054054054054054,0.8271604938271605,0.9910213939641586,0.9153366545308566
200,,10,2,log2,balanced_subsample,0.8805970149253731,0.7972972972972973,0.8368794326241135,0.982520722666511,0.9145730705770131
200,,10,5,sqrt,balanced,0.8719512195121951,0.9662162162162162,0.9166666666666666,0.9985807892125387,0.9836249748079362
200,,10,5,sqrt,balanced_subsample,0.9006622516556292,0.918918918918919,0.9096989966555183,0.9986537563481408,0.9843889433110158
200,,10,5,log2,balanced,0.7844311377245509,0.8851351351351351,0.8317460317460318,0.9921742747066722,0.9149138814755337
200,,10,5,log2,balanced_subsample,0.8486842105263158,0.8716216216216216,0.86,0.9906820967836086,0.935501352739629
300,5.0,2,1,sqrt,balanced,0.8958333333333334,0.8716216216216216,0.8835616438356164,0.9968040394606269,0.9647722053674082
300,5.0,2,1,sqrt,balanced_subsample,0.8680555555555556,0.8445945945945946,0.8561643835616438,0.9960926098885062,0.9585578603042559
300,5.0,2,1,log2,balanced,0.8421052631578947,0.8648648648648649,0.8533333333333334,0.9940969587297881,0.937993586947899
300,5.0,2,1,log2,balanced_subsample,0.8740740740740741,0.7972972972972973,0.833922261484099,0.9904558986632421,0.9264980062848289
300,5.0,2,2,sqrt,balanced,0.863013698630137,0.8513513513513513,0.8571428571428571,0.9959065436927208,0.9576239859495191
300,5.0,2,2,sqrt,balanced_subsample,0.875,0.8513513513513513,0.863013698630137,0.9946952892417256,0.9498447694062235
300,5.0,2,2,log2,balanced,0.7530864197530864,0.8243243243243243,0.7870967741935484,0.9904595470200221,0.9046357128686259
300,5.0,2,2,log2,balanced_subsample,0.825503355704698,0.831081081081081,0.8282828282828283,0.9885149728562256,0.9107087167520171
300,5.0,2,5,sqrt,balanced,0.8581081081081081,0.8581081081081081,0.8581081081081081,0.9957642577782967,0.9566520187476657
300,5.0,2,5,sqrt,balanced_subsample,0.8541666666666666,0.831081081081081,0.8424657534246576,0.9945420582569611,0.9466531434495198
300,5.0,2,5,log2,balanced,0.7361963190184049,0.8108108108108109,0.7717041800643086,0.9914628451345514,0.9066227067788372
300,5.0,2,5,log2,balanced_subsample,0.8243243243243243,0.8243243243243243,0.8243243243243243,0.989390578483451,0.9104680153509603
300,5.0,5,1,sqrt,balanced,0.8958333333333334,0.8716216216216216,0.8835616438356164,0.9965413577724593,0.9618109003917977
300,5.0,5,1,sqrt,balanced_subsample,0.8671328671328671,0.8378378378378378,0.852233676975945,0.9959430272605219,0.9574982744549203
300,5.0,5,1,log2,balanced,0.8421052631578947,0.8648648648648649,0.8533333333333334,0.9940495300916468,0.9376660049104804
300,5.0,5,1,log2,balanced_subsample,0.8731343283582089,0.7905405405405406,0.8297872340425532,0.9888980503181367,0.9205210457738296
300,5.0,5,2,sqrt,balanced,0.863013698630137,0.8513513513513513,0.8571428571428571,0.9960086976825638,0.9584750184886554
300,5.0,5,2,sqrt,balanced_subsample,0.8741258741258742,0.8445945945945946,0.8591065292096219,0.9946661023874847,0.9496156534631076
300,5.0,5,2,log2,balanced,0.7484662576687117,0.8243243243243243,0.7845659163987139,0.9904194150954411,0.9038539985018821
300,5.0,5,2,log2,balanced_subsample,0.82,0.831081081081081,0.825503355704698,0.9886025334189481,0.9108165585289927
300,5.0,5,5,sqrt,balanced,0.8581081081081081,0.8581081081081081,0.8581081081081081,0.9957642577782967,0.9566520187476657
300,5.0,5,5,sqrt,balanced_subsample,0.8541666666666666,0.831081081081081,0.8424657534246576,0.9945420582569611,0.9466531434495198
300,5.0,5,5,log2,balanced,0.7361963190184049,0.8108108108108109,0.7717041800643086,0.9914628451345514,0.9066227067788372
300,5.0,5,5,log2,balanced_subsample,0.8243243243243243,0.8243243243243243,0.8243243243243243,0.989390578483451,0.9104680153509603
300,5.0,10,1,sqrt,balanced,0.896551724137931,0.8783783783783784,0.8873720136518771,0.9966508084758624,0.9626808246154358
300,5.0,10,1,sqrt,balanced_subsample,0.8671328671328671,0.8378378378378378,0.852233676975945,0.9959466756173019,0.9574236777037766
300,5.0,10,1,log2,balanced,0.8431372549019608,0.8716216216216216,0.8571428571428571,0.9943705854882962,0.9397847936230973
300,5.0,10,1,log2,balanced_subsample,0.8731343283582089,0.7905405405405406,0.8297872340425532,0.9889929075944195,0.9205059751536038
300,5.0,10,2,sqrt,balanced,0.8639455782312925,0.8581081081081081,0.8610169491525423,0.9954541474519876,0.9554097185997332
300,5.0,10,2,sqrt,balanced_subsample,0.8723404255319149,0.831081081081081,0.8512110726643599,0.9945931352518825,0.9481293624985991
300,5.0,10,2,log2,balanced,0.7396449704142012,0.8445945945945946,0.7886435331230284,0.991692691611698,0.9096638513271044
300,5.0,10,2,log2,balanced_subsample,0.825503355704698,0.831081081081081,0.8282828282828283,0.9893066662775085,0.9127789860755382
300,5.0,10,5,sqrt,balanced,0.8581081081081081,0.8581081081081081,0.8581081081081081,0.9957642577782967,0.9566520187476657
300,5.0,10,5,sqrt,balanced_subsample,0.8541666666666666,0.831081081081081,0.8424657534246576,0.9945420582569611,0.9466531434495198
300,5.0,10,5,log2,balanced,0.7361963190184049,0.8108108108108109,0.7717041800643086,0.9914628451345514,0.9066227067788372
300,5.0,10,5,log2,balanced_subsample,0.8243243243243243,0.8243243243243243,0.8243243243243243,0.989390578483451,0.9104680153509603
300,10.0,2,1,sqrt,balanced,0.9072847682119205,0.9256756756756757,0.9163879598662207,0.9986501079913607,0.9844622681855
300,10.0,2,1,sqrt,balanced_subsample,0.9148936170212766,0.8716216216216216,0.8927335640138409,0.9982268986048684,0.9794730010290468
300,10.0,2,1,log2,balanced,0.8716216216216216,0.8716216216216216,0.8716216216216216,0.9961290934563073,0.9593261872514935
300,10.0,2,1,log2,balanced_subsample,0.9142857142857143,0.8648648648648649,0.8888888888888888,0.9961254450995272,0.9651472831110857
300,10.0,2,2,sqrt,balanced,0.8859060402684564,0.8918918918918919,0.8888888888888888,0.9977781507209154,0.9758920998055189
300,10.0,2,2,sqrt,balanced_subsample,0.9090909090909091,0.8783783783783784,0.8934707903780069,0.997427908470025,0.972306585863163
300,10.0,2,2,log2,balanced,0.802547770700637,0.8513513513513513,0.8262295081967214,0.991929834802405,0.9237967871321104
300,10.0,2,2,log2,balanced_subsample,0.8561151079136691,0.8040540540540541,0.8292682926829268,0.9885952367053878,0.9144586825443253
300,10.0,2,5,sqrt,balanced,0.8484848484848485,0.9459459459459459,0.8945686900958466,0.9980955577607845,0.9788616200990252
300,10.0,2,5,sqrt,balanced_subsample,0.8986486486486487,0.8986486486486487,0.8986486486486487,0.9975410075302084,0.9722593914022238
300,10.0,2,5,log2,balanced,0.7724550898203593,0.8716216216216216,0.819047619047619,0.9931082540423792,0.9244278938725505
300,10.0,2,5,log2,balanced_subsample,0.8424657534246576,0.831081081081081,0.8367346938775511,0.9918240324557819,0.9223538514926667
300,10.0,5,1,sqrt,balanced,0.9060402684563759,0.9121621621621622,0.9090909090909091,0.9985187671472768,0.9830988204284639
300,10.0,5,1,sqrt,balanced_subsample,0.9285714285714286,0.8783783783783784,0.9027777777777778,0.998183118323507,0.9794391419389801
300,10.0,5,1,log2,balanced,0.8874172185430463,0.9054054054054054,0.8963210702341137,0.9971105014301558,0.9683040445418853
300,10.0,5,1,log2,balanced_subsample,0.9148936170212766,0.8716216216216216,0.8927335640138409,0.9951951141206,0.9617769591545257
300,10.0,5,2,sqrt,balanced,0.8933333333333333,0.9054054054054054,0.8993288590604027,0.9980481291226432,0.9783308569196605
300,10.0,5,2,sqrt,balanced_subsample,0.9027777777777778,0.8783783783783784,0.8904109589041096,0.9972381939174596,0.9708359924219142
300,10.0,5,2,log2,balanced,0.7692307692307693,0.8783783783783784,0.8201892744479495,0.9925901873796041,0.9206742868249617
300,10.0,5,2,log2,balanced_subsample,0.8936170212765957,0.8513513513513513,0.8719723183391004,0.9921086042846302,0.9359959237186
300,10.0,5,5,sqrt,balanced,0.8484848484848485,0.9459459459459459,0.8945686900958466,0.9980955577607845,0.9788616200990252
300,10.0,5,5,sqrt,balanced_subsample,0.8986486486486487,0.8986486486486487,0.8986486486486487,0.9975410075302084,0.9722593914022238
300,10.0,5,5,log2,balanced,0.7724550898203593,0.8716216216216216,0.819047619047619,0.9931082540423792,0.9244278938725505
300,10.0,5,5,log2,balanced_subsample,0.8424657534246576,0.831081081081081,0.8367346938775511,0.9918240324557819,0.9223538514926667
300,10.0,10,1,sqrt,balanced,0.9025974025974026,0.9391891891891891,0.9205298013245033,0.9986209211371199,0.9842260130675289
300,10.0,10,1,sqrt,balanced_subsample,0.9411764705882353,0.8648648648648649,0.9014084507042254,0.9983144591675909,0.9809315551037455
300,10.0,10,1,log2,balanced,0.8859060402684564,0.8918918918918919,0.8888888888888888,0.9963115112953126,0.962768831077916
300,10.0,10,1,log2,balanced_subsample,0.9214285714285714,0.8716216216216216,0.8958333333333334,0.9951878174070399,0.9638662116064903
300,10.0,10,2,sqrt,balanced,0.881578947368421,0.9054054054054054,0.8933333333333333,0.998077315976884,0.9780422415940567
300,10.0,10,2,sqrt,balanced_subsample,0.8972602739726028,0.8851351351351351,0.891156462585034,0.9975811394547895,0.972879631116442
300,10.0,10,2,log2,balanced,0.7962962962962963,0.8716216216216216,0.832258064516129,0.9936992878407565,0.9265329734032977
300,10.0,10,2,log2,balanced_subsample,0.875,0.8513513513513513,0.863013698630137,0.9922180549880333,0.9307717467523688
300,10.0,10,5,sqrt,balanced,0.8484848484848485,0.9459459459459459,0.8945686900958466,0.9980955577607845,0.9788616200990252
300,10.0,10,5,sqrt,balanced_subsample,0.8986486486486487,0.8986486486486487,0.8986486486486487,0.9975410075302084,0.9722593914022238
300,10.0,10,5,log2,balanced,0.7724550898203593,0.8716216216216216,0.819047619047619,0.9931082540423792,0.9244278938725505
300,10.0,10,5,log2,balanced_subsample,0.8424657534246576,0.831081081081081,0.8367346938775511,0.9918240324557819,0.9223538514926667
300,15.0,2,1,sqrt,balanced,0.9851851851851852,0.8986486486486487,0.9399293286219081,0.9993396474228008,0.9921593733435841
300,15.0,2,1,sqrt,balanced_subsample,0.9923076923076923,0.8716216216216216,0.9280575539568345,0.9992703286439788,0.9914839100750386
300,15.0,2,1,log2,balanced,0.9020979020979021,0.8716216216216216,0.8865979381443299,0.9972345455606795,0.9709974295516113
300,15.0,2,1,log2,balanced_subsample,0.9485294117647058,0.8716216216216216,0.9084507042253521,0.9970375342945537,0.9728159062107312
300,15.0,2,2,sqrt,balanced,0.8910256410256411,0.9391891891891891,0.9144736842105263,0.9987011849862821,0.9853958994339044
300,15.0,2,2,sqrt,balanced_subsample,0.9632352941176471,0.8851351351351351,0.9225352112676056,0.9987486136244236,0.9856993418125477
300,15.0,2,2,log2,balanced,0.7818181818181819,0.8716216216216216,0.8242811501597445,0.9935387601424318,0.9368843149737923
300,15.0,2,2,log2,balanced_subsample,0.8978102189781022,0.831081081081081,0.8631578947368421,0.991725526822719,0.9384263072516756
300,15.0,2,5,sqrt,balanced,0.863905325443787,0.9864864864864865,0.9211356466876972,0.9989237347498686,0.9874831359681031
300,15.0,2,5,sqrt,balanced_subsample,0.8831168831168831,0.918918918918919,0.9006622516556292,0.9980007004845017,0.9778846979716845
300,15.0,2,5,log2,balanced,0.7572254335260116,0.8851351351351351,0.8161993769470405,0.9936263207051544,0.9283331987441253
300,15.0,2,5,log2,balanced_subsample,0.8571428571428571,0.8513513513513513,0.8542372881355932,0.9919371315159651,0.9374638955870509
300,15.0,5,1,sqrt,balanced,0.9851851851851852,0.8986486486486487,0.9399293286219081,0.9992776253575391,0.9915560230100406
300,15.0,5,1,sqrt,balanced_subsample,0.9923076923076923,0.8716216216216216,0.9280575539568345,0.9991900647948164,0.9905016573716942
300,15.0,5,1,log2,balanced,0.9084507042253521,0.8716216216216216,0.8896551724137931,0.9976322164497111,0.9738438354246368
300,15.0,5,1,log2,balanced_subsample,0.9485294117647058,0.8716216216216216,0.9084507042253521,0.9976431615200514,0.977416446202743
300,15.0,5,2,sqrt,balanced,0.9060402684563759,0.9121621621621622,0.9090909090909091,0.9984202615142139,0.9824008288906456
300,15.0,5,2,sqrt,balanced_subsample,0.935251798561151,0.8783783783783784,0.9059233449477352,0.9983217558811511,0.9808006121770196
300,15.0,5,2,log2,balanced,0.7668711656441718,0.8445945945945946,0.8038585209003215,0.9926558578016461,0.9272263800822371
300,15.0,5,2,log2,balanced_subsample,0.8652482269503546,0.8243243243243243,0.8442906574394463,0.9894015235537913,0.9267482122700332
300,15.0,5,5,sqrt,balanced,0.863905325443787,0.9864864864864865,0.9211356466876972,0.9989237347498686,0.9874831359681031
300,15.0,5,5,sqrt,balanced_subsample,0.8831168831168831,0.918918918918919,0.9006622516556292,0.9980007004845017,0.9778846979716845
300,15.0,5,5,log2,balanced,0.7572254335260116,0.8851351351351351,0.8161993769470405,0.9936263207051544,0.9283331987441253
300,15.0,5,5,log2,balanced_subsample,0.8571428571428571,0.8513513513513513,0.8542372881355932,0.9919371315159651,0.9374638955870509
300,15.0,10,1,sqrt,balanced,0.9712230215827338,0.9121621621621622,0.9407665505226481,0.9990222403829315,0.989015875993846
300,15.0,10,1,sqrt,balanced_subsample,0.9848484848484849,0.8783783783783784,0.9285714285714286,0.9991900647948164,0.9905292862466133
300,15.0,10,1,log2,balanced,0.9090909090909091,0.8783783783783784,0.8934707903780069,0.9973585896912031,0.9716357282796279
300,15.0,10,1,log2,balanced_subsample,0.9280575539568345,0.8716216216216216,0.8989547038327527,0.9977197770124336,0.9759860711189798
300,15.0,10,2,sqrt,balanced,0.9090909090909091,0.9459459459459459,0.9271523178807947,0.9987157784134025,0.9859055889222963
300,15.0,10,2,sqrt,balanced_subsample,0.9285714285714286,0.8783783783783784,0.9027777777777778,0.9983618878057323,0.9815528045642274
300,15.0,10,2,log2,balanced,0.7653631284916201,0.9256756756756757,0.8379204892966361,0.994677047457825,0.9409862846075643
300,15.0,10,2,log2,balanced_subsample,0.8811188811188811,0.8513513513513513,0.865979381443299,0.9931447376101803,0.9436363652792141
300,15.0,10,5,sqrt,balanced,0.863905325443787,0.9864864864864865,0.9211356466876972,0.9989237347498686,0.9874831359681031
300,15.0,10,5,sqrt,balanced_subsample,0.8831168831168831,0.918918918918919,0.9006622516556292,0.9980007004845017,0.9778846979716845
300,15.0,10,5,log2,balanced,0.7572254335260116,0.8851351351351351,0.8161993769470405,0.9936263207051544,0.9283331987441253
300,15.0,10,5,log2,balanced_subsample,0.8571428571428571,0.8513513513513513,0.8542372881355932,0.9919371315159651,0.9374638955870509
300,,2,1,sqrt,balanced,1.0,0.8716216216216216,0.9314079422382672,0.9994728124452746,0.9934698670613714
300,,2,1,sqrt,balanced_subsample,1.0,0.8378378378378378,0.9117647058823529,0.9991025042320938,0.989458213725859
300,,2,1,log2,balanced,1.0,0.831081081081081,0.9077490774907749,0.9987103058782324,0.9856863249612421
300,,2,1,log2,balanced_subsample,1.0,0.5945945945945946,0.7457627118644068,0.9983545910921721,0.9819378709286717
300,,2,2,sqrt,balanced,0.9183673469387755,0.9121621621621622,0.9152542372881356,0.9985953826396591,0.98398078000029
300,,2,2,sqrt,balanced_subsample,0.9481481481481482,0.8648648648648649,0.9045936395759717,0.9982378436752087,0.9803891190539931
300,,2,2,log2,balanced,0.8543046357615894,0.8716216216216216,0.862876254180602,0.9948375751561497,0.9505035661583124
300,,2,2,log2,balanced_subsample,0.937007874015748,0.8040540540540541,0.8654545454545455,0.9908389761251531,0.9384033116260687
300,,2,5,sqrt,balanced,0.8719512195121951,0.9662162162162162,0.9166666666666666,0.9986792948456015,0.9846986175196629
300,,2,5,sqrt,balanced_subsample,0.9230769230769231,0.8918918918918919,0.9072164948453608,0.9983618878057323,0.9813066763643546
300,,2,5,log2,balanced,0.7784090909090909,0.9256756756756757,0.845679012345679,0.9945603000408616,0.9365555302105449
300,,2,5,log2,balanced_subsample,0.832258064516129,0.8716216216216216,0.8514851485148515,0.9940495300916468,0.9448523699567903
300,,5,1,sqrt,balanced,1.0,0.8783783783783784,0.935251798561151,0.9995950323974082,0.9951121732379726
300,,5,1,sqrt,balanced_subsample,1.0,0.8581081081081081,0.9236363636363636,0.9994490981262041,0.9932065078893594
300,,5,1,log2,balanced,0.9921875,0.8581081081081081,0.9202898550724637,0.9990112953125911,0.9888350729959814
300,,5,1,log2,balanced_subsample,1.0,0.7364864864864865,0.8482490272373541,0.9986719981320413,0.9852274127748849
300,,5,2,sqrt,balanced,0.9241379310344827,0.9054054054054054,0.9146757679180887,0.9987413169108633,0.9858042901037233
300,,5,2,sqrt,balanced_subsample,0.9772727272727273,0.8716216216216216,0.9214285714285714,0.9978620629268578,0.9781097285968984
300,,5,2,log2,balanced,0.7901234567901234,0.8648648648648649,0.8258064516129032,0.9919152413752846,0.9252532069958609
300,,5,2,log2,balanced_subsample,0.9097744360902256,0.8175675675675675,0.8612099644128114,0.9928017920728504,0.939510501672732
300,,5,5,sqrt,balanced,0.8719512195121951,0.9662162162162162,0.9166666666666666,0.9986792948456015,0.9846986175196629
300,,5,5,sqrt,balanced_subsample,0.9230769230769231,0.8918918918918919,0.9072164948453608,0.9983618878057323,0.9813066763643546
300,,5,5,log2,balanced,0.7784090909090909,0.9256756756756757,0.845679012345679,0.9945603000408616,0.9365555302105449
300,,5,5,log2,balanced_subsample,0.832258064516129,0.8716216216216216,0.8514851485148515,0.9940495300916468,0.9448523699567903
300,,10,1,sqrt,balanced,1.0,0.8918918918918919,0.9428571428571428,0.9996388126787695,0.9955771252744121
300,,10,1,sqrt,balanced_subsample,1.0,0.8716216216216216,0.9314079422382672,0.9994636915533244,0.9934027557089877
300,,10,1,log2,balanced,0.9848484848484849,0.8783783783783784,0.9285714285714286,0.9991134493024342,0.9899562857361226
300,,10,1,log2,balanced_subsample,1.0,0.8175675675675675,0.8996282527881041,0.9988069873329053,0.9868346675714776
300,,10,2,sqrt,balanced,0.9261744966442953,0.9324324324324325,0.9292929292929293,0.9990003502422509,0.9886200194145782
300,,10,2,sqrt,balanced_subsample,0.9416058394160584,0.8716216216216216,0.9052631578947369,0.9984749868659156,0.983291639002923
300,,10,2,log2,balanced,0.7696629213483146,0.9256756756756757,0.8404907975460123,0.9935934854941334,0.937894176866736
300,,10,2,log2,balanced_subsample,0.8639455782312925,0.8581081081081081,0.8610169491525423,0.994202761076411,0.9478724080957736
300,,10,5,sqrt,balanced,0.8719512195121951,0.9662162162162162,0.9166666666666666,0.9986792948456015,0.9846986175196629
300,,10,5,sqrt,balanced_subsample,0.9230769230769231,0.8918918918918919,0.9072164948453608,0.9983618878057323,0.9813066763643546
300,,10,5,log2,balanced,0.7784090909090909,0.9256756756756757,0.845679012345679,0.9945603000408616,0.9365555302105449
300,,10,5,log2,balanced_subsample,0.832258064516129,0.8716216216216216,0.8514851485148515,0.9940495300916468,0.9448523699567903
