User,Model,Precision,Recall,F1,ROC-AUC,PR-AUC
user_01,XGBoost,0.968944099378882,1.0,0.9842271293375394,0.9998505200511707,0.9982145785935785
user_01,Random Forest,0.9456,0.891,0.9175,0.999,0.9881
user_02,XGBoost,0.959731543624161,0.9930555555555556,0.9761092150170648,0.9998503352490422,0.9980344233559072
user_02,Random Forest,1.0,0.8611,0.9254,0.9993,0.9918
user_03,XGBoost,0.9182389937106918,0.9931972789115646,0.954248366013072,0.9997944131781153,0.9975391431410098
user_03,Random Forest,1.0,0.8844,0.9386,0.9992,0.9902
user_04,XGBoost,0.9485714285714286,0.9764705882352941,0.9623188405797102,0.9997107039537126,0.996972866856602
user_04,Random Forest,0.9742,0.8882,0.9292,0.9989,0.9893
user_05,XGBoost,0.9252873563218391,1.0,0.9611940298507463,0.9999020531682423,0.9989231502799093
user_05,Random Forest,1.0,0.8758,0.9338,0.9995,0.9939
user_06,XGBoost,0.9620253164556962,1.0,0.9806451612903225,0.9999323593073592,0.9991542743372747
user_06,Random Forest,1.0,0.8947,0.9444,0.9994,0.9936
user_07,XGBoost,0.9827586206896551,0.9827586206896551,0.9827586206896551,0.9999464944417167,0.9994464151480073
user_07,Random Forest,0.9935,0.8793,0.9329,0.9989,0.9894
user_08,XGBoost,0.9593023255813954,0.9763313609467456,0.967741935483871,0.9998319539553837,0.9982142827600613
user_08,Random Forest,0.981,0.9172,0.948,0.9988,0.9895
user_09,XGBoost,0.9464285714285714,0.99375,0.9695121951219512,0.9998063858695652,0.9977994465636704
user_09,Random Forest,0.9728,0.8938,0.9316,0.9988,0.9875
user_10,XGBoost,0.9882352941176471,0.9940828402366864,0.9911504424778761,0.9999224402871002,0.9991498926564637
user_10,Random Forest,0.9806,0.8994,0.9383,0.999,0.9906
