user_id,test_precision,test_recall,test_f1,test_roc_auc,test_pr_auc
user_01,0.968944099378882,1.0,0.9842271293375394,0.9998505200511708,0.9982145785935784
user_02,0.959731543624161,0.9930555555555556,0.9761092150170648,0.9998503352490422,0.9980344233559072
user_03,0.9182389937106918,0.9931972789115646,0.954248366013072,0.9997944131781152,0.9975391431410098
user_04,0.9485714285714286,0.976470588235294,0.9623188405797102,0.9997107039537126,0.996972866856602
user_05,0.9252873563218392,1.0,0.9611940298507464,0.9999020531682424,0.9989231502799092
user_06,0.9620253164556962,1.0,0.9806451612903224,0.9999323593073592,0.9991542743372748
user_07,0.9827586206896552,0.9827586206896552,0.9827586206896552,0.9999464944417168,0.9994464151480073
user_08,0.9593023255813954,0.9763313609467456,0.967741935483871,0.9998319539553836,0.9982142827600612
user_09,0.9464285714285714,0.99375,0.9695121951219512,0.9998063858695652,0.9977994465636704
user_10,0.9882352941176472,0.9940828402366864,0.991150442477876,0.9999224402871002,0.9991498926564636
